City,Cloudiness,Country,Date,Humidity,Latitude,Longitude,Max Temperature,Wind Speed
victoria,75,BN,1573441544,74,5.28,115.24,86.68,3.36
busselton,0,AU,1573441544,29,-33.64,115.35,70.93,11.12
bhag,96,PK,1573441545,21,29.04,67.82,72.48,2.46
namibe,0,AO,1573441545,86,-15.19,12.15,74.86,12.73
bluff,0,AU,1573441545,11,-23.58,149.07,89.31,4.38
east london,100,ZA,1573441545,83,-33.02,27.91,68.04,23.98
coquimbo,75,CL,1573441545,87,-29.95,-71.34,57.2,4.7
hithadhoo,100,MV,1573441545,70,-0.6,73.08,83.03,7.29
takoradi,100,GH,1573441546,84,4.89,-1.75,78.76,4.21
scarborough,100,GB,1573441546,100,54.28,-0.41,40.44,9.17
vaini,20,IN,1573441546,83,15.34,74.49,71.6,5.82
deputatskiy,100,RU,1573441546,100,69.3,139.9,-2.48,1.63
tessalit,98,ML,1573441546,15,20.2,1.01,69.1,13.6
avarua,26,CK,1573441546,78,-21.21,-159.78,75.2,4.7
alofi,84,NU,1573441547,65,-19.06,-169.92,82.4,12.75
tuatapere,96,NZ,1573441547,68,-46.13,167.69,51.01,8.99
ranong,28,TH,1573441547,88,9.96,98.62,80.6,2.77
rikitea,86,PF,1573441547,83,-23.12,-134.97,74.3,14.29
thompson,75,CA,1573441547,75,55.74,-97.86,-18.41,3.36
dingle,98,PH,1573441547,72,11.0,122.67,82.94,4.92
tucupita,43,VE,1573441548,97,9.06,-62.05,74.97,3.33
beyneu,0,KZ,1573441548,74,45.32,55.19,39.2,13.15
atuona,33,PF,1573441548,69,-9.8,-139.03,80.33,10.71
georgetown,20,GY,1573441387,94,6.8,-58.16,78.8,4.7
diamantino,10,BR,1573441548,94,-14.4,-56.44,70.88,2.13
kodiak,1,US,1573441268,74,39.95,-94.76,36.34,20.8
hobart,100,AU,1573441549,10,-42.88,147.33,76.51,24.16
nikolskoye,90,RU,1573441549,93,59.7,30.79,42.96,4.47
cockburn town,15,TC,1573441549,77,21.46,-71.14,81.84,18.88
esperance,75,AU,1573441549,58,-33.86,121.89,59.0,17.22
albany,90,US,1573441549,52,42.65,-73.75,39.83,6.93
kapaa,90,US,1573441550,78,22.08,-159.32,76.95,5.82
mahebourg,75,MU,1573441550,94,-20.41,57.7,71.15,3.36
carthage,1,US,1573441550,76,32.16,-94.34,57.97,8.19
port alfred,100,ZA,1573441550,96,-33.59,26.89,62.01,4.0
mackay,5,CA,1573441550,84,53.65,-115.58,1.36,2.24
ushuaia,20,AR,1573441550,54,-54.81,-68.31,53.6,11.41
mar del plata,35,AR,1573441551,83,-46.43,-67.52,51.06,9.82
matara,100,BI,1573441551,89,-3.48,29.48,58.39,6.02
new norfolk,100,AU,1573441551,10,-42.78,147.06,76.5,24.16
vardo,75,US,1573441551,80,39.62,-77.74,41.2,2.82
punta arenas,75,CL,1573441551,70,-53.16,-70.91,46.24,10.29
carsamba,0,TR,1573441551,54,41.2,36.72,55.4,4.7
castro,78,CL,1573441552,87,-42.48,-73.76,51.8,5.82
jamestown,0,AU,1573441552,9,-33.21,138.6,85.14,18.86
hermanus,87,ZA,1573441552,87,-34.42,19.24,62.78,11.01
bilibino,84,RU,1573441552,63,68.06,166.44,19.45,4.45
vila velha,96,BR,1573441552,74,-3.71,-38.6,82.13,12.75
pompeu,100,BR,1573441553,83,-21.05,-48.85,75.2,2.24
tuktoyaktuk,5,CA,1573441553,72,69.44,-133.03,14.0,19.46
ancud,88,CL,1573441553,87,-41.87,-73.83,51.8,5.82
tiksi,100,RU,1573441553,97,71.64,128.87,-6.69,2.04
butaritari,53,KI,1573441553,68,3.07,172.79,84.27,5.82
kavaratti,40,IN,1573441553,83,10.57,72.64,80.6,8.39
hilo,20,US,1573441300,62,19.71,-155.08,73.63,5.82
bredasdorp,97,ZA,1573441554,82,-34.53,20.04,64.71,14.99
laguna de perlas,27,NI,1573441554,82,12.34,-83.67,82.11,15.39
leningradskiy,33,RU,1573441554,81,69.38,178.42,17.37,8.43
qaanaaq,0,GL,1573441554,43,77.48,-69.36,0.37,5.61
mansa,40,IN,1573441554,78,23.43,72.66,73.4,5.82
upernavik,100,GL,1573441260,62,72.79,-56.15,25.83,4.52
bartica,20,GY,1573441555,94,6.41,-58.62,78.8,4.7
pangoa,100,PE,1573441555,99,-12.12,-73.0,70.23,1.7
saint-philippe,90,CA,1573441555,100,45.36,-73.48,33.76,6.93
chapais,1,CA,1573441556,84,49.78,-74.86,5.0,3.36
bethel,90,US,1573441556,93,60.79,-161.76,39.16,5.82
guerrero negro,80,MX,1573441556,88,27.97,-114.04,64.96,10.69
lompoc,1,US,1573441283,87,34.64,-120.46,54.7,10.25
ponta do sol,100,BR,1573441556,86,-20.63,-46.0,68.58,2.53
borogontsy,100,RU,1573441557,94,62.67,131.17,-2.75,2.84
zhanakorgan,0,KZ,1573441557,51,43.91,67.25,34.79,7.7
fairlie,1,US,1573441557,63,33.31,-95.96,62.55,8.05
bitung,20,ID,1573441359,59,1.44,125.19,89.6,3.36
saldanha,100,PT,1573441557,96,41.42,-6.55,42.57,3.78
margate,100,AU,1573441557,10,-43.03,147.26,76.55,24.16
manado,20,ID,1573441294,59,1.49,124.85,89.6,3.36
krasnyy chikoy,38,RU,1573441558,49,50.36,108.75,16.29,1.52
dikson,51,RU,1573441558,96,73.51,80.55,9.75,7.87
faanui,100,PF,1573441558,73,-16.48,-151.75,80.2,7.7
cabo san lucas,75,MX,1573441438,74,22.89,-109.91,77.94,4.7
torbay,5,CA,1573441558,80,47.66,-52.73,31.42,8.05
arraial do cabo,40,BR,1573441559,94,-22.97,-42.02,75.2,4.7
vestmannaeyjar,100,IS,1573441559,71,63.44,-20.27,45.34,23.04
tasiilaq,100,GL,1573441559,90,65.61,-37.64,37.4,54.13
bambous virieux,75,MU,1573441559,94,-20.34,57.76,71.01,3.36
bechem,100,GH,1573441559,93,7.09,-2.02,71.92,1.25
moyale,31,ET,1573441560,84,3.52,39.05,69.71,4.63
mataura,100,NZ,1573441560,68,-46.19,168.86,51.01,8.99
yellowknife,40,CA,1573441560,84,62.45,-114.38,6.89,5.82
lebu,67,ET,1573441560,77,8.96,38.73,49.82,2.39
north bay,75,CA,1573441446,85,46.31,-79.46,16.41,9.17
chokurdakh,100,RU,1573441561,95,70.62,147.9,5.14,8.16
codrington,90,AU,1573441561,42,-28.95,153.24,79.77,6.93
puerto penasco,100,MX,1573441421,90,31.32,-113.53,71.01,5.99
sitka,100,US,1573441561,59,37.17,-99.65,50.0,4.0
cape town,40,ZA,1573441310,88,-33.93,18.42,62.56,10.29
havelock,1,US,1573441561,81,34.88,-76.9,46.89,3.4
kavieng,0,PG,1573441562,67,-2.57,150.8,83.44,3.47
muli,100,CN,1573441562,58,28.08,109.56,61.9,1.21
byron bay,2,AU,1573441562,47,-28.65,153.62,79.21,12.75
haines junction,0,CA,1573441562,53,60.75,-137.51,1.2,0.34
asahikawa,75,JP,1573441562,65,43.76,142.37,46.4,8.05
puerto narino,75,CO,1573441563,100,-3.77,-70.38,75.2,1.34
lorengau,92,PG,1573441563,70,-2.02,147.27,83.91,6.33
kontagora,61,NG,1573441563,50,10.4,5.47,75.06,2.17
axim,100,GH,1573441563,93,4.87,-2.24,75.16,2.19
arenapolis,32,BR,1573441563,92,-14.45,-56.85,69.44,2.19
saint george,0,GR,1573441564,93,39.45,22.34,47.39,3.27
san quintin,4,PH,1573441564,67,17.54,120.52,83.53,3.65
souillac,90,FR,1573441564,100,45.6,-0.6,40.39,2.24
kilgore,1,US,1573441564,71,32.39,-94.88,60.22,9.73
trinidad,100,BO,1573441564,97,-14.83,-64.9,71.71,3.85
ishigaki,20,JP,1573441565,50,24.34,124.16,78.8,13.87
carnarvon,58,ZA,1573441565,58,-30.97,22.13,59.94,9.01
kirakira,46,SB,1573441389,66,-10.46,161.92,81.72,11.5
kautokeino,0,NO,1573441565,41,69.01,23.04,1.6,1.5
aklavik,5,CA,1573441565,55,68.22,-135.01,8.6,1.12
dong hoi,100,VN,1573441566,74,17.48,106.6,73.58,9.51
khatanga,100,RU,1573441566,97,71.98,102.47,-2.48,7.76
husavik,12,CA,1573441566,80,50.56,-96.99,1.54,3.0
nhulunbuy,28,AU,1573441566,26,-12.18,136.78,93.2,11.41
port hedland,2,AU,1573441566,12,-20.31,118.58,105.8,4.7
sabang,89,PH,1573441566,70,13.8,121.11,86.0,4.0
avera,1,US,1573441567,93,33.19,-82.53,45.34,4.0
provideniya,90,RU,1573441567,98,64.42,-173.23,35.6,15.66
fortuna,1,US,1573441567,100,40.6,-124.16,50.0,2.46
port elizabeth,1,US,1573441567,70,39.31,-74.98,45.43,6.93
san patricio,33,PY,1573441567,87,-26.98,-56.83,69.94,6.33
sapouy,71,BF,1573441568,39,11.55,-1.77,76.71,2.59
chivilcoy,16,AR,1573441568,81,-34.9,-60.02,61.0,1.01
tiznit,0,MA,1573441441,50,29.7,-9.73,52.3,1.21
artyom,40,RU,1573441568,81,43.36,132.19,51.8,2.24
lazaro cardenas,40,MX,1573441568,68,28.39,-105.62,66.65,13.13
miri,100,NG,1573441569,34,10.31,9.75,73.78,2.42
paamiut,100,GL,1573441569,85,61.99,-49.67,37.89,8.25
san cristobal,100,HN,1573441569,97,14.68,-86.92,66.0,1.77
pandan,64,PH,1573441569,72,11.72,122.09,81.84,3.51
nouadhibou,25,MR,1573441569,68,20.93,-17.03,66.2,16.11
zhigansk,89,RU,1573441569,90,66.77,123.37,-8.45,7.2
imbituba,75,BR,1573441570,100,-28.24,-48.67,71.6,6.93
fort payne,1,US,1573441570,93,34.44,-85.72,46.47,3.36
mayo,5,CA,1573441570,75,63.59,-135.9,-18.41,2.24
sur,0,OM,1573441541,60,22.57,59.53,75.4,6.29
talnakh,75,RU,1573441570,76,69.49,88.39,-5.81,6.71
skowhegan,75,US,1573441570,55,44.77,-69.72,36.99,3.36
sihora,0,IN,1573441571,72,23.49,80.11,68.0,4.7
alice springs,0,AU,1573441571,5,-23.7,133.88,93.2,8.05
chuy,10,UY,1573441571,86,-33.69,-53.46,60.21,9.33
touros,75,BR,1573441571,78,-5.2,-35.46,78.8,6.93
socorro,90,US,1573441571,43,31.65,-106.3,68.49,6.4
obzor,0,BG,1573441572,100,42.82,27.88,57.0,6.93
panzhihua,89,CN,1573441572,66,26.59,101.72,63.77,1.39
makakilo city,75,US,1573441549,58,21.35,-158.09,81.77,8.05
teacapan,0,MX,1573441572,89,22.54,-105.74,77.74,1.83
alta floresta,100,BR,1573441572,92,-9.87,-56.08,72.12,3.04
evensk,100,RU,1573441573,96,61.92,159.24,27.19,4.7
severo-kurilsk,70,RU,1573441573,75,50.68,156.12,30.07,22.48
kudahuvadhoo,98,MV,1573441573,74,2.67,72.89,81.97,4.0
nishihara,75,JP,1573441404,71,35.74,139.53,59.68,4.7
salalah,0,OM,1573441573,73,17.01,54.1,73.4,2.24
klyuchi,16,RU,1573441573,46,52.25,79.17,17.91,6.04
cidreira,100,BR,1573441574,81,-30.17,-50.22,69.96,16.51
houston,1,US,1573441335,72,29.76,-95.37,62.19,7.74
sile,1,US,1573441574,52,35.56,-106.37,49.55,3.36
saint-joseph,90,FR,1573441574,87,43.56,6.97,49.96,3.36
guanica,1,PR,1573441574,88,17.97,-66.91,77.23,5.68
norman wells,5,CA,1573441574,84,65.28,-126.83,-2.21,1.81
franca,17,BR,1573441575,87,-20.54,-47.4,69.28,3.47
grand gaube,75,MU,1573441575,94,-20.01,57.66,70.41,3.36
puerto ayora,3,EC,1573441573,86,-0.74,-90.35,70.0,5.01
mitu,0,IR,1573441575,33,36.2,46.09,34.81,4.76
tezu,97,IN,1573441575,93,27.93,96.16,68.85,2.51
taitung,40,TW,1573441575,50,22.76,121.15,78.8,5.82
marzuq,0,YE,1573441576,70,14.4,46.47,61.77,1.54
yuli,0,CN,1573441576,61,24.82,106.77,69.57,4.25
zhuhai,0,CN,1573441576,64,40.71,112.04,39.2,2.24
praxedis guerrero,90,MX,1573441576,43,31.37,-106.02,70.39,3.33
ayolas,0,PY,1573441576,84,-27.39,-56.84,69.98,6.69
saint-pierre,100,FR,1573441577,100,48.95,4.24,35.69,6.93
talara,100,PE,1573441577,91,-4.58,-81.27,65.55,11.97
dharchula,94,IN,1573441577,22,29.85,80.53,50.94,1.7
jinchang,0,CN,1573441577,19,38.52,102.19,40.84,2.91
teeli,100,RU,1573441577,80,51.01,90.2,14.02,3.87
sao joao da barra,100,BR,1573441578,91,-21.64,-41.05,74.91,1.88
pochutla,40,MX,1573441578,74,15.74,-96.47,80.28,9.01
cherskiy,85,RU,1573441578,58,68.75,161.3,13.44,0.96
pinega,100,RU,1573441578,95,64.7,43.39,26.15,6.44
garden city,1,US,1573441578,57,43.62,-116.24,48.78,8.05
half moon bay,1,US,1573441422,76,37.46,-122.43,56.66,5.82
ilulissat,100,GL,1573441579,35,69.22,-51.1,41.0,21.92
airai,0,TL,1573441579,30,-8.93,125.41,87.91,8.68
pingliang,80,CN,1573441579,56,35.54,106.68,46.17,6.13
xacmaz,0,AZ,1573441579,88,41.46,48.81,55.63,8.9
dalbandin,100,PK,1573441579,21,28.9,64.41,58.35,11.18
tucuman,88,PE,1573441580,52,-17.17,-70.89,58.5,0.54
hambantota,20,LK,1573441580,100,6.12,81.12,78.8,2.24
nanortalik,100,GL,1573441580,84,60.14,-45.24,31.51,51.47
maceio,57,BR,1573441580,83,-9.67,-35.74,75.2,6.93
xichang,99,CN,1573441580,97,27.88,102.25,46.08,4.72
barrow,79,AR,1573441581,82,-38.31,-60.23,54.81,13.13
pocone,89,BR,1573441581,77,-16.26,-56.62,75.83,2.08
moron,0,HT,1573441581,81,18.56,-74.26,79.79,13.69
celestun,0,MX,1573441581,76,20.87,-90.4,80.4,14.29
mahibadhoo,19,MV,1573441321,70,3.78,72.97,82.13,2.44
upata,0,VE,1573441581,87,8.02,-62.41,79.0,3.0
buala,100,SB,1573441582,82,-8.15,159.59,81.75,11.3
marystown,19,CA,1573441582,2,47.17,-55.16,34.0,19.01
narsaq,100,GL,1573441417,80,60.91,-46.05,33.8,27.51
mount isa,53,AU,1573441582,6,-20.73,139.49,95.0,8.05
ternate,75,PH,1573441582,62,14.29,120.72,87.62,3.36
homer,40,US,1573441582,86,59.64,-151.54,42.15,6.33
damghan,0,IR,1573441583,37,36.17,54.34,42.48,3.62
okhotsk,51,RU,1573441583,81,59.36,143.24,14.86,9.04
iqaluit,90,CA,1573441583,77,63.75,-68.52,6.39,4.7
college,75,US,1573441312,72,64.86,-147.8,17.76,1.81
vallenar,6,CL,1573441583,87,-28.58,-70.76,52.29,1.48
saskylakh,100,RU,1573441584,98,71.97,114.09,-5.44,4.27
gamba,0,CN,1573441584,37,28.28,88.52,29.5,2.89
ramanuj ganj,0,IN,1573441584,59,23.81,83.7,73.54,4.03
staryy nadym,35,RU,1573441584,89,65.61,72.68,-9.26,9.08
lensk,78,RU,1573441584,87,60.71,114.91,-6.2,8.3
oeiras do para,59,BR,1573441584,81,-2.0,-49.85,77.88,4.54
sicamous,1,CA,1573441585,80,50.84,-118.99,33.75,4.7
port said,0,EG,1573441585,55,25.34,30.55,64.24,8.39
seymchan,100,RU,1573441585,94,62.93,152.39,3.27,2.89
samana,76,EC,1573441585,88,0.12,-76.97,73.26,2.89
pisco,90,PE,1573441585,88,-13.71,-76.2,64.2,6.93
geraldton,75,CA,1573441583,77,49.72,-86.95,-0.41,3.36
gabriel leyva solano,90,MX,1573441586,65,25.66,-108.64,78.85,11.41
belmonte,100,PT,1573441586,97,40.36,-7.35,49.32,1.01
jawhar,0,IN,1573441586,72,19.91,73.23,77.4,2.26
saint-augustin,90,CA,1573441586,64,45.63,-73.98,33.62,12.75
mugan,0,CN,1573441586,26,35.94,101.38,37.78,1.3
nawa,76,IN,1573441587,39,27.02,75.0,72.0,5.28
komsomolskiy,100,RU,1573441587,95,67.55,63.78,6.73,10.96
sao filipe,34,CV,1573441352,82,14.9,-24.5,74.57,17.72
tomari,100,RU,1573441587,79,47.76,142.06,44.22,19.19
sao miguel do araguaia,100,BR,1573441587,89,-13.28,-50.16,73.85,5.1
waingapu,0,ID,1573441587,73,-9.65,120.26,82.02,1.23
broken hill,0,AU,1573441588,10,-31.97,141.45,84.2,16.11
limbang,75,BN,1573441588,70,4.75,115.01,86.59,3.36
xuddur,34,SO,1573441588,94,4.12,43.89,70.41,9.01
mbuguni,75,TZ,1573441588,94,-3.55,36.92,66.96,4.7
maniitsoq,99,GL,1573441588,58,65.42,-52.9,38.34,10.63
malkangiri,0,IN,1573441588,71,18.35,81.9,75.87,2.93
isangel,40,VU,1573441589,51,-19.55,169.27,84.2,17.22
nome,1,US,1573441589,93,30.04,-94.42,59.49,6.93
micheweni,26,TZ,1573441589,82,-4.97,39.83,80.46,15.32
waipawa,35,NZ,1573441589,67,-39.94,176.59,63.0,11.99
trapani,94,IT,1573441589,55,38.02,12.54,58.82,8.05
warrnambool,96,AU,1573441590,30,-38.38,142.48,75.9,7.0
lanja,0,IN,1573441590,71,16.84,73.55,76.57,1.86
zyryanovsk,100,KZ,1573441590,92,49.74,84.27,11.52,3.85
pajapan,75,MX,1573441590,88,18.26,-94.69,77.0,11.7
te anau,54,NZ,1573441590,81,-45.41,167.72,45.28,6.53
waycross,1,US,1573441410,81,31.21,-82.35,44.19,2.15
natal,20,BR,1573441441,78,-5.81,-35.21,78.8,10.29
kaitangata,100,NZ,1573441591,62,-46.28,169.85,50.0,11.01
hay river,20,CA,1573441591,77,60.82,-115.79,3.2,8.05
dawei,24,MM,1573441591,63,14.07,98.19,79.81,4.59
kathu,47,ZA,1573441591,43,-27.7,23.05,59.0,10.83
piacabucu,24,BR,1573441591,80,-10.41,-36.43,76.68,9.66
huarmey,22,PE,1573441592,85,-10.07,-78.15,62.02,2.01
beringovskiy,100,RU,1573441592,98,63.05,179.32,33.73,16.4
gibara,20,CU,1573441592,94,21.11,-76.13,73.4,8.05
port lincoln,49,AU,1573441592,11,-34.72,135.86,91.11,23.2
ahipara,100,NZ,1573441592,86,-35.17,173.16,56.28,21.5
marsa matruh,0,EG,1573441593,72,31.35,27.25,60.8,6.87
klintsy,100,RU,1573441593,91,52.76,32.24,44.92,12.68
turukhansk,100,RU,1573441593,98,65.8,87.96,-14.48,2.95
moramanga,0,MG,1573441593,85,-18.95,48.23,61.38,1.81
cutervo,100,PE,1573441593,81,-6.38,-78.82,58.57,3.94
mount gambier,86,AU,1573441593,34,-37.83,140.78,78.8,18.34
porto novo,40,BR,1573441594,83,-23.68,-45.44,71.6,8.05
harper,90,US,1573441594,87,30.3,-99.24,61.16,8.05
eyl,67,SO,1573441594,79,7.98,49.82,78.01,15.9
grindavik,90,IS,1573441594,87,63.84,-22.43,41.72,39.15
palmer,0,AU,1573441594,11,-34.85,139.16,87.33,26.4
bathsheba,40,BB,1573441594,74,13.22,-59.52,82.4,21.92
pevek,41,RU,1573441595,72,69.7,170.27,13.93,0.72
tobermory,100,CA,1573441595,74,45.25,-81.67,24.01,1.99
kahului,20,US,1573441581,66,20.89,-156.47,78.82,18.34
amargosa,73,BR,1573441595,98,-13.03,-39.6,69.21,3.78
coihaique,40,CL,1573441595,76,-45.58,-72.07,53.6,5.82
mao,75,DO,1573441337,94,19.55,-71.08,77.81,1.7
karratha,0,AU,1573441418,51,-20.74,116.85,83.25,12.73
vila,75,IT,1573441596,93,45.18,8.4,41.7,6.93
canoinhas,83,BR,1573441596,99,-26.18,-50.4,62.15,2.39
port hawkesbury,90,CA,1573441596,80,45.62,-61.36,41.77,6.93
bytow,75,PL,1573441596,93,54.17,17.49,39.2,5.82
jijiga,0,ET,1573441596,53,9.35,42.8,55.96,3.69
gladstone,0,AU,1573441597,25,-23.84,151.26,88.18,13.87
umm kaddadah,0,SD,1573441597,20,13.6,26.69,70.72,10.2
santa marta de tormes,90,ES,1573441597,93,40.95,-5.63,41.34,3.36
zugdidi,0,GE,1573441597,32,42.51,41.88,60.8,13.87
umea,96,SE,1573441597,85,63.83,20.26,19.4,12.75
paita,100,PE,1573441598,80,-5.09,-81.11,66.7,5.46
kununurra,24,AU,1573441598,27,-15.77,128.74,98.6,8.05
middelburg,90,NL,1573441598,93,51.5,3.61,41.43,4.7
akcakoca,21,TR,1573441598,41,41.09,31.12,58.55,3.62
matay,0,EG,1573441598,75,28.42,30.79,63.77,12.86
sidi ali,94,DZ,1573441598,67,36.1,0.42,52.27,15.17
kargil,99,PK,1573441599,44,34.56,76.13,19.81,3.31
pombas,100,BR,1573441599,89,-15.9,-54.74,71.37,0.83
mitsamiouli,100,KM,1573441599,77,-11.38,43.28,79.27,7.36
salitrillo,0,MX,1573441599,82,18.9,-100.56,69.71,3.04
kaputa,89,ZM,1573441599,77,-8.47,29.66,69.46,2.75
yar-sale,0,RU,1573441599,93,66.83,70.83,-9.41,9.24
dauphin,75,CA,1573441600,70,51.15,-100.04,-0.41,10.29
shubarshi,0,KZ,1573441600,91,48.59,57.19,29.03,7.87
xiaoweizhai,0,CN,1573441600,65,26.23,107.51,65.07,7.16
kralendijk,90,BQ,1573441600,78,12.15,-68.27,82.4,16.11
longyearbyen,75,NO,1573441600,72,78.22,15.63,17.6,10.29
port hardy,90,CA,1573441597,93,50.7,-127.42,48.2,5.82
paramonga,35,PE,1573441601,92,-10.68,-77.82,61.95,8.23
moose factory,90,CA,1573441601,84,51.26,-80.61,6.8,6.93
rafaela,0,AR,1573441601,54,-31.25,-61.49,69.46,4.0
cape canaveral,20,US,1573441601,78,28.41,-80.6,66.65,9.17
verkhoyansk,100,RU,1573441601,95,67.55,133.39,-13.58,0.58
fort nelson,5,CA,1573441602,83,58.81,-122.69,-4.01,1.74
sayyan,0,YE,1573441602,49,15.17,44.32,50.36,4.81
ventspils,90,LV,1573441602,93,57.39,21.56,42.8,2.24
pozo colorado,99,PY,1573441602,65,-23.49,-58.8,76.1,4.9
kemin,100,KG,1573441602,97,42.79,75.7,22.57,3.0
alihe,0,CN,1573441602,52,50.57,123.73,24.3,14.45
rocha,0,UY,1573441603,96,-34.48,-54.34,52.29,4.99
kyzyl-suu,100,KG,1573441603,83,42.34,78.0,33.24,7.9
kindu,100,CD,1573441603,99,-2.95,25.92,70.86,1.43
muros,90,ES,1573441309,100,42.77,-9.06,51.58,3.36
ribeira brava,20,PT,1573441603,68,32.65,-17.07,63.99,9.17
mehamn,1,NO,1573441603,86,71.03,27.85,22.77,14.09
kandrian,99,PG,1573441604,92,-6.21,149.55,78.53,7.29
portland,1,US,1573441266,55,43.66,-70.25,38.08,3.36
los llanos de aridane,75,ES,1573441334,72,28.66,-17.92,65.41,13.87
tayzhina,100,RU,1573441604,87,53.67,87.44,12.18,6.06
gayeri,18,BF,1573441604,31,12.65,0.49,79.97,4.56
newtonhill,100,GB,1573441605,80,57.46,-4.37,38.64,3.36
vanimo,100,PG,1573441605,88,-2.67,141.3,78.15,10.85
strezhevoy,0,RU,1573441605,82,60.73,77.6,-16.61,2.24
havoysund,40,NO,1573441605,79,71.0,24.66,28.4,13.87
buraydah,40,SA,1573441605,77,26.33,43.97,66.2,5.82
kincardine,100,CA,1573441605,92,44.18,-81.63,30.81,1.99
ahuimanu,75,US,1573441606,65,21.44,-157.84,81.79,4.7
camopi,69,GF,1573441606,89,3.17,-52.33,72.81,2.55
lodja,100,CD,1573441360,99,-3.52,23.6,70.16,1.5
timra,94,SE,1573441606,79,62.49,17.33,22.28,5.82
arlit,12,NE,1573441606,13,18.74,7.39,80.94,5.79
peterhead,5,AU,1573441606,11,-34.83,138.5,87.33,26.4
lavrentiya,100,RU,1573441607,89,65.58,-170.99,34.88,13.49
kirovskiy,100,RU,1573441607,90,45.09,133.51,40.78,5.7
wattegama,78,LK,1573441607,80,7.35,80.68,78.89,0.89
suihua,0,CN,1573441531,47,46.64,126.99,41.41,12.8
mana,100,NG,1573441607,30,13.03,5.27,77.29,1.59
sri aman,75,MY,1573441607,74,1.24,111.46,86.0,2.24
buta,99,CD,1573441608,97,2.79,24.73,68.86,1.3
luderitz,0,NA,1573441394,87,-26.65,15.16,59.0,2.24
markala,92,ML,1573441608,23,13.69,-6.07,86.16,9.98
wanning,75,AT,1573441608,100,48.64,13.53,31.77,4.7
praia da vitoria,20,PT,1573441608,82,38.73,-27.07,62.6,3.42
hearst,94,CA,1573441584,94,49.69,-83.67,6.21,5.95
masunga,100,BW,1573441609,67,-20.62,27.45,68.4,5.32
salina,1,US,1573441525,52,38.84,-97.61,42.04,23.04
yeppoon,19,AU,1573441609,9,-23.13,150.74,93.2,5.82
komsomolskoye,93,UA,1573441609,39,45.02,34.02,56.44,4.34
taywarah,61,AF,1573441609,54,33.35,64.42,31.39,5.86
mandurah,39,AU,1573441610,49,-32.55,115.7,74.44,9.17
arrifes,20,PT,1573441610,82,37.77,-25.7,61.45,8.05
auki,100,NG,1573441610,36,12.18,6.51,76.32,3.96
faya,0,SA,1573441610,66,18.39,42.45,52.74,4.72
brownwood,1,US,1573441611,72,31.71,-98.99,63.12,8.05
liling,0,CN,1573441611,67,27.65,113.49,62.6,4.47
brody,76,UA,1573441611,96,50.08,25.14,46.18,6.02
talaya,100,RU,1573441611,84,55.79,84.89,-0.41,2.24
port blair,0,IN,1573441397,66,11.67,92.75,81.79,1.57
iroquois falls,20,CA,1573441611,84,48.76,-80.69,5.0,8.05
ducheng,0,CN,1573441612,23,30.54,114.9,72.18,6.93
mareeba,32,AU,1573441612,54,-16.99,145.42,85.17,10.36
kangaatsiaq,70,GL,1573441612,59,68.31,-53.46,39.27,21.72
ridgecrest,1,US,1573441415,13,35.62,-117.67,56.41,8.05
ribeira grande,69,PT,1573441612,82,38.52,-28.7,62.29,1.77
lata,100,IN,1573441613,19,30.78,78.62,33.55,1.12
mangrol,0,IN,1573441613,46,25.33,76.51,73.33,2.21
tsiroanomandidy,8,MG,1573441613,65,-18.77,46.05,75.13,3.04
harsud,0,IN,1573441613,62,21.96,76.7,72.57,5.1
mangan,0,IN,1573441613,41,27.5,88.54,59.09,3.67
caucaia,96,BR,1573441613,74,-3.73,-38.66,82.15,12.75
quimperle,75,FR,1573441614,87,47.87,-3.55,47.84,12.75
omsukchan,100,RU,1573441614,93,62.53,155.8,3.38,4.32
rochegda,100,RU,1573441614,99,62.67,43.41,36.93,5.01
liyang,0,CN,1573441614,49,31.42,119.48,68.0,4.47
rio gallegos,20,AR,1573441614,71,-51.62,-69.22,50.0,4.7
birjand,0,IR,1573441614,30,32.86,59.22,41.0,4.7
cam ranh,40,VN,1573441615,78,11.92,109.15,82.4,1.12
solikamsk,100,RU,1573441615,93,59.65,56.78,27.99,10.36
berlevag,0,NO,1573441615,74,70.86,29.09,33.4,16.11
thio,20,NC,1573441615,39,-21.61,166.22,82.4,14.99
cap malheureux,75,MU,1573441615,94,-19.98,57.61,70.38,3.36
manoel urbano,67,BR,1573441615,95,-8.84,-69.26,72.63,1.01
alugan,100,PH,1573441616,66,12.22,125.48,86.36,8.03
saint-georges,100,CA,1573441523,83,46.12,-70.67,32.68,3.0
shelburne,90,CA,1573441616,86,44.08,-80.2,30.88,9.62
brae,100,GB,1573441616,74,60.4,-1.35,36.61,10.29
cairns,33,AU,1573441616,54,-16.92,145.77,85.19,10.25
trairi,93,BR,1573441338,86,-3.28,-39.27,74.53,6.38
boden,90,SE,1573441617,92,65.83,21.69,14.0,9.17
constitucion,5,MX,1573441617,39,23.99,-104.67,64.99,3.36
san policarpo,100,PH,1573441617,66,12.18,125.51,86.36,8.03
ishim,92,RU,1573441617,59,56.11,69.47,22.37,5.88
amapa,90,HN,1573441617,94,15.09,-87.97,73.85,6.93
lloydminster,20,CA,1573441618,84,53.28,-110.01,-2.21,11.41
hualmay,61,PE,1573441618,82,-11.1,-77.61,62.6,3.0
doha,40,QA,1573441516,61,25.29,51.53,74.89,6.93
ranaghat,40,IN,1573441618,88,23.17,88.56,71.6,5.82
bloemfontein,0,ZA,1573441618,71,-29.12,26.22,53.6,3.36
fuling,98,CN,1573441618,78,29.71,107.39,60.15,3.8
zakamensk,100,RU,1573441619,75,50.38,103.29,13.48,3.27
okakarara,84,NA,1573441619,69,-20.59,17.46,68.5,1.74
fairbanks,75,US,1573441520,72,64.84,-147.72,16.5,1.45
altus,1,US,1573441619,77,34.64,-99.33,63.36,10.29
pangai,75,TO,1573441619,74,-19.8,-174.35,82.4,9.17
gardenstown,100,GB,1573441619,93,57.67,-2.34,38.53,11.41
flin flon,93,CA,1573441620,74,54.77,-101.88,5.94,10.63
bontang,8,ID,1573441620,77,0.12,117.47,82.94,5.68
machilipatnam,0,IN,1573441620,83,16.18,81.14,77.0,4.7
novovarshavka,52,RU,1573441620,64,54.17,74.7,16.11,4.25
coahuayana,11,MX,1573441620,74,18.62,-100.35,74.25,3.04
mount pleasant,1,US,1573441613,67,33.16,-94.97,59.34,4.7
antalaha,100,MG,1573441621,74,-14.9,50.28,76.44,9.95
gat,100,SN,1573441621,83,14.69,-16.54,73.4,13.87
vao,99,EE,1573441621,97,59.1,26.19,38.86,4.72
birao,0,CF,1573441621,24,10.3,22.78,70.59,8.37
bonavista,0,CA,1573441621,81,48.65,-53.11,33.01,7.0
palu,0,ID,1573441622,48,-0.9,119.87,86.58,3.36
chara,0,GR,1573441622,93,39.42,22.43,47.34,3.27
gorontalo,33,ID,1573441622,55,0.54,123.06,88.63,4.92
ntcheu,95,MW,1573441622,76,-14.82,34.64,65.61,12.88
klaksvik,100,FO,1573441622,69,62.23,-6.59,39.2,25.28
venustiano carranza,90,MX,1573441622,59,19.42,-99.11,61.81,10.29
paso de carrasco,0,UY,1573441623,82,-34.86,-56.05,60.44,6.93
garissa,89,KE,1573441623,76,-0.46,39.64,77.76,12.28
ruston,1,US,1573441493,71,32.52,-92.64,55.22,5.82
saint anthony,90,US,1573441621,69,43.97,-111.68,40.08,4.7
laguna,40,BZ,1573441623,83,16.17,-88.94,78.8,4.7
dunda,100,IN,1573441623,33,30.62,78.32,57.76,1.95
severodvinsk,90,RU,1573441624,100,64.56,39.82,26.6,8.95
tommot,100,RU,1573441624,93,58.97,126.27,2.89,8.86
kalianget,20,ID,1573441624,58,-7.35,109.91,89.24,4.7
buchanan,75,LR,1573441624,94,5.88,-10.05,77.0,3.02
luwingu,53,ZM,1573441624,72,-10.26,29.92,65.62,4.07
khoy,0,IR,1573441625,37,38.55,44.95,40.59,0.56
mocuba,89,MZ,1573441625,96,-16.84,36.99,71.2,3.65
yerofey pavlovich,100,RU,1573441626,68,53.97,121.97,10.99,11.12
cururupu,11,BR,1573441626,98,-1.82,-44.87,72.75,2.42
flinders,33,AU,1573441626,18,-34.58,150.85,77.74,12.75
tiarei,75,PF,1573441606,74,-17.53,-149.33,81.46,5.82
peniche,75,PT,1573441626,93,39.36,-9.38,59.7,10.29
beira,90,ES,1573441626,100,43.2,-8.36,50.81,4.7
ostrovnoy,100,RU,1573441584,91,68.05,39.51,23.9,11.43
camabatela,100,AO,1573441627,98,-8.19,15.37,65.93,6.06
dubbo,2,AU,1573441627,18,-32.25,148.6,80.6,9.17
vostok,100,RU,1573441627,96,46.45,135.83,37.81,5.17
prince rupert,1,CA,1573441627,93,54.32,-130.32,42.8,10.38
kisoro,99,UG,1573441627,91,-1.28,29.69,53.74,2.55
cherat,40,PK,1573441628,62,33.82,71.89,51.8,4.7
veracruz,83,EC,1573441628,92,-3.97,-79.57,62.71,3.0
yarada,0,IN,1573441628,78,17.65,83.27,80.6,6.93
port moresby,40,PG,1573441628,74,-9.47,147.16,84.2,17.22
quatre cocos,75,MU,1573441628,94,-20.21,57.76,70.79,3.36
bonito,26,BR,1573441629,88,-1.36,-47.3,74.55,5.08
camacari,40,BR,1573441629,83,-12.7,-38.32,80.6,14.99
emerald,7,AU,1573441629,11,-23.53,148.16,90.75,6.93
polunochnoye,100,RU,1573441629,94,60.87,60.43,18.57,9.55
usinsk,100,RU,1573441629,94,66.0,57.56,13.77,10.22
moreno valley,1,US,1573441629,72,33.94,-117.23,60.6,4.7
udachnyy,100,RU,1573441630,74,66.42,112.4,-22.01,4.47
shestakovo,100,RU,1573441630,82,56.49,103.96,0.73,6.78
garwolin,75,PL,1573441630,93,51.9,21.61,41.76,4.7
haslett,90,US,1573441630,86,42.75,-84.4,34.36,5.82
burnie,100,AU,1573441630,77,-41.05,145.91,59.54,14.0
santa maria,40,BR,1573441499,50,-16.02,-48.01,72.88,3.36
dicabisagan,100,PH,1573441631,85,17.08,122.42,77.97,11.97
ak-dovurak,100,RU,1573441631,70,51.17,90.6,19.76,9.82
champerico,5,MX,1573441631,83,16.38,-93.6,71.6,2.24
kulhudhuffushi,0,MV,1573441631,67,6.62,73.07,81.82,3.4
nova odesa,67,UA,1573441631,93,47.3,31.79,48.81,9.22
nizwa,77,OM,1573441632,74,22.93,57.53,62.62,1.21
tuy hoa,60,VN,1573441632,84,13.08,109.3,77.9,16.75
pierre,90,US,1573441398,78,44.37,-100.35,17.87,5.82
veraval,90,FR,1573441632,100,49.65,0.71,41.67,8.05
batemans bay,59,AU,1573441632,71,-35.71,150.18,73.35,7.0
hasaki,75,JP,1573441632,93,35.73,140.83,60.87,6.93
coruripe,31,BR,1573441488,78,-10.12,-36.18,77.88,13.13
kruisfontein,85,ZA,1573441633,89,-34.0,24.73,62.4,15.14
bahia blanca,100,AR,1573441555,72,-38.72,-62.27,62.06,15.39
caravelas,8,BR,1573441633,93,-17.73,-39.27,70.77,6.44
shimoda,40,JP,1573441633,60,34.7,138.93,63.37,9.17
katsuura,75,JP,1573441633,93,33.93,134.5,64.11,17.22
mezen,96,RU,1573441634,95,65.85,44.24,15.48,8.03
beloha,2,MG,1573441634,83,-25.17,45.06,67.08,11.77
goba,100,ET,1573441634,97,7.01,39.97,47.57,2.46
kidal,48,ML,1573441634,13,18.44,1.41,73.6,13.02
chama,100,ZM,1573441635,61,-11.22,33.16,72.84,2.82
pangody,0,RU,1573441635,97,65.85,74.49,-11.19,7.38
tigil,100,RU,1573441635,87,57.8,158.67,32.04,9.19
kurkino,94,RU,1573441635,94,53.42,38.66,41.81,11.92
bambanglipuro,100,ID,1573441635,60,-7.95,110.28,85.3,11.3
the valley,20,AI,1573441635,74,18.22,-63.06,81.46,13.87
virginia beach,1,US,1573441156,87,36.85,-75.98,49.5,14.23
todos santos,40,MX,1573441636,54,23.45,-110.23,78.15,8.05
hofn,100,IS,1573441636,78,64.25,-15.21,43.65,40.67
vilhena,100,BR,1573441636,99,-12.74,-60.15,68.25,2.13
tautira,75,PF,1573441636,74,-17.73,-149.15,81.48,5.82
gayny,100,RU,1573441636,95,60.3,54.33,31.14,7.96
kondinskoye,100,RU,1573441637,93,59.65,67.41,11.91,7.7
sinjar,68,SY,1573441637,27,35.59,37.0,60.76,5.26
boma,100,GH,1573441637,93,7.08,-2.17,71.92,1.25
bassila,100,BJ,1573441637,85,9.0,1.66,73.62,2.75
bendigo,93,AU,1573441637,21,-36.76,144.28,81.0,5.99
ust-tarka,2,RU,1573441637,68,55.56,75.71,13.21,3.76
nantucket,1,US,1573441638,53,41.28,-70.1,47.73,8.05
coffs harbour,40,AU,1573441638,56,-30.3,153.13,76.28,18.34
wlodawa,90,PL,1573441638,100,51.55,23.55,42.8,6.93
acapulco,20,MX,1573441361,83,16.86,-99.88,84.2,3.36
dongsheng,38,CN,1573441638,26,29.72,112.52,74.35,7.2
oktyabrskoye,100,RU,1573441639,84,56.73,85.44,2.17,2.24
loralai,100,PK,1573441639,18,30.37,68.6,53.56,2.37
baker city,1,US,1573441639,75,44.77,-117.83,45.1,11.41
fort dodge,90,US,1573441639,92,42.5,-94.17,26.71,16.11
nuuk,100,GL,1573441640,59,64.17,-51.74,36.34,4.7
totness,1,US,1573441640,100,33.74,-80.8,43.52,4.72
lock haven,75,US,1573441640,70,41.14,-77.45,41.56,2.06
roma,75,IT,1573441603,81,41.89,12.48,52.56,10.29
oskemen,75,KZ,1573441640,78,49.96,82.61,15.8,11.18
mbandaka,100,CD,1573441641,98,0.05,18.26,70.93,1.83
omboue,100,GA,1573441641,97,-1.57,9.26,74.66,1.19
hamilton,90,CA,1573441641,92,43.26,-79.87,35.78,4.7
shingu,75,JP,1573441641,82,33.72,135.99,66.2,5.82
lima,75,PE,1573441641,82,-12.06,-77.04,66.2,8.05
alto araguaia,95,BR,1573441641,84,-17.32,-53.22,69.06,6.62
zabaykalsk,0,CN,1573441642,32,49.64,117.33,21.02,18.48
coro,64,VE,1573441642,87,11.41,-69.67,79.02,12.91
